{
  "author": "0x72",
  "url": "itch.io/0x72",
  "version": 2,
  "w": 16,
  "h": 24,
  "outlineColor": [
    33,
    33,
    35
  ],
  "fromColors": {
    "outline": [
      255,
      255,
      0
    ],
    "eyes": [
      255,
      0,
      0
    ],
    "skin": [
      0,
      255,
      0
    ],
    "skin2": [
      0,
      136,
      0
    ],
    "hair": [
      0,
      255,
      255
    ],
    "hair2": [
      0,
      136,
      136
    ],
    "item": [
      255,
      0,
      255
    ],
    "item2": [
      136,
      0,
      136
    ],
    "suit": [
      0,
      0,
      255
    ],
    "suit2": [
      0,
      0,
      136
    ]
  },
  "pals": {
    "eyes": [
      "#f2f0e5",
      "#b8b5b9",
      "#868188",
      "#646365",
      "#45444f",
      "#3a3858",
      "#352b42",
      "#43436a",
      "#4b80ca",
      "#68c2d3",
      "#a2dcc7",
      "#ede19e",
      "#d3a068",
      "#b45252",
      "#6a536e",
      "#4b4158",
      "#80493a",
      "#a77b5b",
      "#e5ceb4",
      "#c2d368",
      "#8ab060",
      "#567b79",
      "#4e584a",
      "#7b7243",
      "#b2b47e",
      "#edc8c4",
      "#cf8acb",
      "#5f556a"
    ],
    "body": [
      "#f2f0e5",
      "#b8b5b9",
      "#868188",
      "#646365",
      "#45444f",
      "#3a3858",
      "#352b42",
      "#43436a",
      "#4b80ca",
      "#68c2d3",
      "#a2dcc7",
      "#ede19e",
      "#d3a068",
      "#b45252",
      "#6a536e",
      "#4b4158",
      "#80493a",
      "#a77b5b",
      "#e5ceb4",
      "#c2d368",
      "#8ab060",
      "#567b79",
      "#4e584a",
      "#7b7243",
      "#b2b47e",
      "#edc8c4",
      "#cf8acb",
      "#5f556a"
    ],
    "item": [
      "#f2f0e5",
      "#b8b5b9",
      "#868188",
      "#646365",
      "#45444f",
      "#3a3858",
      "#352b42",
      "#43436a",
      "#4b80ca",
      "#68c2d3",
      "#a2dcc7",
      "#ede19e",
      "#d3a068",
      "#b45252",
      "#6a536e",
      "#4b4158",
      "#80493a",
      "#a77b5b",
      "#e5ceb4",
      "#c2d368",
      "#8ab060",
      "#567b79",
      "#4e584a",
      "#7b7243",
      "#b2b47e",
      "#edc8c4",
      "#cf8acb",
      "#5f556a"
    ],
    "suit": [
      "#f2f0e5",
      "#b8b5b9",
      "#868188",
      "#646365",
      "#45444f",
      "#3a3858",
      "#352b42",
      "#43436a",
      "#4b80ca",
      "#68c2d3",
      "#a2dcc7",
      "#ede19e",
      "#d3a068",
      "#b45252",
      "#6a536e",
      "#4b4158",
      "#80493a",
      "#a77b5b",
      "#e5ceb4",
      "#c2d368",
      "#8ab060",
      "#567b79",
      "#4e584a",
      "#7b7243",
      "#b2b47e",
      "#edc8c4",
      "#cf8acb",
      "#5f556a"
    ],
    "hair": [
      "#f2f0e5",
      "#b8b5b9",
      "#868188",
      "#646365",
      "#45444f",
      "#3a3858",
      "#352b42",
      "#43436a",
      "#4b80ca",
      "#68c2d3",
      "#a2dcc7",
      "#ede19e",
      "#d3a068",
      "#b45252",
      "#6a536e",
      "#4b4158",
      "#80493a",
      "#a77b5b",
      "#e5ceb4",
      "#c2d368",
      "#8ab060",
      "#567b79",
      "#4e584a",
      "#7b7243",
      "#b2b47e",
      "#edc8c4",
      "#cf8acb",
      "#5f556a"
    ]
  },
  "suitShadowMod": 0.5,
  "itemShadowMod": 0.5,
  "bodyShadowMod": 0.5,
  "hairShadowMod": 0.5,
  "parts": {
    "head": {
      "no": [
        0
      ],
      "run": [
        -1,
        -2,
        0,
        1
      ],
      "idle": [
        0,
        1,
        2,
        1
      ]
    },
    "face": {
      "no": [
        0
      ],
      "run": [
        -1,
        -2,
        0,
        1
      ],
      "idle": [
        0,
        1,
        2,
        1
      ]
    }
  }
}